{
  "Fact Retrieval": {
    "rouge_score": 0.6433333333333334,
    "answer_correctness": 0.61439291773819498
  }
}